{
    "accuracy": 0.6844512195121951,
    "precision": 0.635036496350365,
    "recall": 0.35655737704918034,
    "f1_score": 0.4566929133858268
}